Absolute Event,Relative Event,Time,SSC-H,SSC-A,FSC-H,FSC-A,SSC-B-H,SSC-B-A,GFP-A,PE-A,APC-A
116,1,0.0082,991410,2363219.5,1171016,4194304,648092,2123701.5,7501.918,811190.6,35734.285
308,2,0.0221,785501,1861693.9,1271960,3194128,721162,1905530.3,5879.0293,477870.88,9772.3955
333,3,0.023599999,866956,1194847.5,1462304,2026487.5,855264,1259413.4,3397.563,44489.293,14898.034
341,4,0.024,1096370,1475790.8,1587424,2620312,589382,881005.75,74121.555,148852.03,16394.66
454,5,0.0316,496066,625269.6,1057604,1375351.4,550842,734920.4,740.8424,241329.69,8148.218
496,6,0.0345,651310,841060.7,1202520,1578762,668923,897016.5,6160.375,348516.47,9775.732
575,7,0.0402,945333,1312262.3,1675388,2419590,802426,1239502.4,9730.993,79165.18,12240.467
640,8,0.0447,354132,430518.1,1310641,1590671.8,310427,368147.06,-358.68457,270059.78,7496.604
1321,9,0.091199994,1162660,1860280.1,1676532,2878058.5,906354,1630521.6,16896.113,111563.516,19615.03
1483,10,0.1016,724926,1566377.5,1152900,2876720.8,784869,1785788.3,6186.484,187847.4,19291.656
1634,11,0.1121,895433,1176211.4,1173724,1598094,700536,937606.5,10614.658,351123.44,13378.728
1878,12,0.1283,899205,1213698.1,1470355,2171371,776971,1210258.5,1178.9138,265643.7,15872.421
1983,13,0.1355,952613,2231053,1353795,3315455.8,895044,2203672.5,4755.704,313906.63,12364.501
2468,14,0.1695,570289,787108.2,1227444,1546919.4,441846,618632.7,1433.0585,305974.22,6983.175
2649,15,0.1823,609122,695198.75,1147095,1575856.1,628442,746822.3,2451.834,303561.72,17271.95
2914,16,0.1996,1028606,1388369.4,839303,1274861.6,851059,1297166.1,29409.25,150749.67,18100.738
3072,17,0.2105,667212,831521.5,882814,1240612,714661,1001381.5,819.9292,280908.28,8957.255
3113,18,0.21319999,270955,305285.4,1242797,1527657.1,238667,272099.06,-9.693115,177719.3,5514.9355
3137,19,0.2146,1375603,3465394.8,1559684,4194304,1270208,3357323.8,60581.523,568164.7,23206.793
3333,20,0.2279,659075,887339.06,678135,940229.2,675256,1014180.06,1034.8949,211911.4,27061.125
3494,21,0.2393,562076,812342.2,980693,1422765.5,574472,925600.8,3634.7588,169329.55,6645.51
3729,22,0.2553,791188,1075730.1,1556589,2051366.6,726305,1045973.2,1705.4055,332829,12073.617
3838,23,0.2636,627070,1229135.6,1456488,3694901.8,589024,1226558.5,3864.7336,76202.734,8197.429
3897,24,0.2671,732849,962316.25,1178469,1761420.5,871414,1264872.4,5092.3584,140860,9210.155
4005,25,0.2746,434061,527208.9,887703,1147552.8,272583,360262.56,1903.0365,281220.6,47804.473
4445,26,0.3049,296361,377548.8,566945,768761.2,372168,488190.94,1573.0698,74515.75,5355.8433
4647,27,0.31689999,623757,811056.3,1002213,1457610.8,425051,619219.7,30403.057,49819.418,16570.145
4694,28,0.3206,443834,538497.7,1167806,1478189.3,375601,469249.25,739.8248,190007.05,11446.295
4741,29,0.32369998,685258,848997.56,965898,1267022.5,415834,591161.06,3887.9736,112214.414,8499.978
5053,30,0.345,908042,1025786.25,1435995,1827747,733281,831204.44,56686.438,133465.83,14938.075
5195,31,0.3547,519101,606457.2,1267485,1603135.8,467598,575117.25,1046.0554,253125.02,7012.2495
5236,32,0.3572,442882,563781.8,846053,1114951.3,436506,640290.2,958.61743,266289.6,9415.178
5263,33,0.3585,960587,1421232.9,1361732,2077192.6,869933,1472363.6,5177.7266,122767.94,16002.791
5894,34,0.3992,276260,337565.34,1216340,1543159.9,295752,351602.25,1132.5608,106623.99,5398.1826
5911,35,0.40019998,209181,265111.34,809431,964552.1,151959,203978.63,1838.8252,146314.67,12764.179
5966,36,0.4041,336288,393978.2,824003,1067845.3,378867,452589.1,1167.4314,199707.13,8063.9272
6282,37,0.4235,854854,1592459.5,1230559,3196658.8,900003,1624851.9,4006.9214,281470.38,10275.877
6332,38,0.42729998,813808,1084387.8,1383933,1877937,647158,932188.25,625.2573,279864.72,19334.596
6431,39,0.43339998,517167,661000.7,1199566,1542784.4,558450,717303.94,1968.9457,275915.13,8443.033
6516,40,0.4394,456848,547613.06,1094490,1428033.1,230637,303064.38,-100.15234,163008.36,20816.773
6606,41,0.44509998,331085,380107.1,565122,719916.8,356064,448636.97,2998.5903,325686.4,10863.114
7081,42,0.4759,671716,881734.3,959096,1275892.8,358919,519606.63,775.411,324141.13,7587.025
7090,43,0.47649997,584525,779596.6,1136773,1571796.4,676505,959015.25,1837.3624,216763.28,17931.842
7122,44,0.4793,1348598,2114444,1675283,2388158.3,1276482,2224766,8976.3,419374.72,25484.713
7353,45,0.4922,554431,667821.5,1312295,1669942.3,431117,522393.4,-780.91895,458988.03,8471.719
7519,46,0.50339997,655817,1120178.8,673839,1012364.3,726857,1340055.1,10417.232,213652.63,23481.502
8144,47,0.5448,914968,1171879.9,1607249,2323615,575483,853333.3,7813.8193,307933.2,13497.025
8198,48,0.5484,569785,702021.2,945120,1274814.5,355686,470630.88,1216.2458,170716.23,6650.191
8243,49,0.55079997,448867,567258.25,1042902,1291914.6,502837,644381.75,-159.83887,139476.06,11701.266
8260,50,0.5524,399138,468455.3,1241129,1530017,362419,446824.94,736.98486,98938.62,7273.1875
8334,51,0.5574,816887,1213698.4,948436,1318353.6,796089,1343748,1235.0627,356088.66,19364.541
8529,52,0.57159996,450202,592437.2,722831,904391.25,378078,524094.22,6815.8486,154550.33,5950.0063
8710,53,0.58199996,771956,1053194.3,699047,968132.2,877739,1229294,4968.283,392537,12588.497
9348,54,0.6238,652134,839823.06,1235852,1731419.9,541883,789692.2,5197.3677,204739.78,8632.982
9582,55,0.63839996,899618,1165950.1,1147410,1569632.1,522461,737802.4,2337.322,140606.64,11032.9375
9584,56,0.6385,986638,1347169.4,1182670,1776141,655766,1012032.94,3681.8945,53325.74,17980.383
9863,57,0.65599996,569953,1409428.9,1175692,3115364,531509,1449082.9,3047.6785,414896.78,9851.106
10254,58,0.6807,868368,1157417,1007032,1448909.6,562244,851305.56,3227.5176,54730.883,12494.512
10267,59,0.6814,531015,643239.1,1214881,1618900.8,508740,675696.9,1783.0061,141048.63,6321.288
10274,60,0.6817,435351,540667.5,760272,976374.7,252759,330322.53,2694.4995,249242.64,17540.89
10858,61,0.7184,563965,782155.2,1062163,1376652.8,545568,806281,1660.77,177921.28,10307.452
11131,62,0.7378,543162,689759.5,879512,1194692.1,619143,829681.7,4258.451,396773.75,8091.1387
11281,63,0.7477,699307,811024.56,1118728,1472030.1,395920,499634.94,727.67676,55968.145,10361.364
11307,64,0.75,407444,495111.56,1044662,1266407.4,388758,478396.3,148.77686,265287.2,5695.415
11360,65,0.7538,1039719,2039919.5,1129325,3018062.8,930138,2058180,6427.674,182649,16914.139
11779,66,0.7797,765628,1364422.3,1120197,1627495.3,867505,1720306.6,5202.736,169931.61,14563.979
11927,67,0.789,425535,542967.25,763740,985902.56,476089,638873.56,1750.023,42884.184,7971.04
11950,68,0.7908,1157119,4194304,1779842,4194304,936251,4090888.5,17376.379,549142.06,18300.258
12032,69,0.7958,929919,1498125.8,1304993,2663732.3,738148,1317984,5559.5454,303910.1,12211.152
12074,70,0.79859996,879672,949965.94,769149,1112472.4,827716,1000654.3,1831.2672,370915.25,16848.53
12167,71,0.80509996,421826,482804.72,1017418,1333358,270087,337710.66,508.88733,89131.96,10513.441
12212,72,0.8084,455887,571739.3,1183688,1489477.3,275442,360001.97,1273.5332,45373.46,8436.877
12471,73,0.8271,808651,2066891,835462,1651494.4,808133,2340357.5,30825.88,434512,9298.582
12620,74,0.8364,945250,1206561,1950866,2770096,956849,1299479.9,2395.4783,267112.1,28341.715
12874,75,0.8531,504862,626701.5,1056396,1382318,496033,687616.3,866.68286,243506.27,7832.101
12894,76,0.8545,1150595,1934752.1,1581872,3049399,964618,1837382.1,9519.587,311688.34,27232.814
13344,77,0.88369995,614948,650610.4,688065,900761.8,661763,780737,303.87512,104227.84,6954.5713
13489,78,0.89199996,1003783,1354567.9,1564384,2203481,673765,1021313.5,10558.469,55166.555,15890.923
13647,79,0.903,494870,699462.3,654106,852832.9,521276,826989,6780.2676,279168,16992.576
13772,80,0.9105,637652,791320.5,1208517,1628057.1,530165,723297.75,100.11279,247590.95,8354.709
13880,81,0.9166,393023,480378.66,1133096,1408972.8,220964,297477.88,-648.2517,227980.77,10744.9375
14325,82,0.94509995,508201,631527.5,888490,1197529.9,504910,686128.8,855.9541,200434.2,9487.436
14350,83,0.94689995,390242,400834.03,859849,1046291.8,364508,411208,8150.9277,161884.88,11463.145
14489,84,0.95629996,398180,485848.22,766846,992296.4,445288,565123.5,-55.16577,255443.1,5623.695
14618,85,0.96389997,555335,693531.5,1015546,1333123.6,549164,769305.6,3692.1812,81717.42,6846.4194
14657,86,0.96639997,403588,486343.4,642631,911434,399489,496112.72,411.65356,207267.64,6795.7056
14682,87,0.9679,1256726,1894263.6,1797766,2682460,1126890,1845616.9,11904.936,229765.38,19499.678
14713,88,0.9697,857797,3267916.5,1450916,4194304,880424,4033679,70552.42,640253.9,64756.18
14795,89,0.97529995,788581,1103098.9,1178890,1709539,821559,1263933.1,2616.095,335796.7,12031.959
14970,90,0.987,438355,822921.6,1251410,2078991.8,402054,646381.94,2236.128,160334.1,6268.89
14995,91,0.98899996,513108,646043.1,1209561,1561145.4,487969,657204.9,-352.54053,153853.77,74852.37
15218,92,1.0037,671805,813394.4,586798,778112,733493,925051.75,20036.04,140375.58,8968.061
15449,93,1.0196,420621,471622.97,573466,780870.56,501666,581357.6,5211.8813,170523,5482.908
15668,94,1.0339999,436497,938083.8,1105496,2227925.3,299356,788115.75,4308.712,48189.48,12972.974
15670,95,1.0339999,1060944,1784155.4,975284,2408912.5,942190,1722274.5,5289.954,64043.844,26650.758
15902,96,1.049,937795,1357248.9,892199,1507732.8,613673,967834.3,8964.234,754933.9,17391.18
15938,97,1.0514,923831,1257542.3,1384096,1960491.3,540747,824067.4,9088.339,46815.67,14485.228
16003,98,1.0554,1062840,3662952.3,1452318,4194304,887430,3213199.3,56343.266,295538.88,14258.686
16013,99,1.056,661581,887728.25,1146191,1645643.6,722214,1050416.4,585.5984,377306.2,12241.498
16089,100,1.061,379365,482253.13,864196,1258126.5,379706,545247.3,-822.93896,352440.44,7844.957
16196,101,1.0685999,824226,1148344.1,816819,1178056.1,858113,1357104.8,2364.774,314683.5,12899.644
16536,102,1.0914999,460077,555523.4,1033019,1306526.5,502443,634176.1,-39.226074,206593.38,6020.717
16618,103,1.0963,838669,1789938.5,1503873,2860907.5,801336,1942774,7833.6367,195163.31,14774.287
16670,104,1.0998,321479,405642.4,703099,924276.6,349498,468394.8,330.77905,149602.02,6419.62
16954,105,1.1178,604552,1465683,1426592,3365448.8,673746,1609235.5,8877.261,248388.89,7014.977
16966,106,1.1186,772163,981486.6,1240744,1751623.9,596793,836644.06,7782.914,78369.02,13485.473
16987,107,1.1194999,519540,629413,1243383,1550410.9,389959,489870.7,2868.18,223553.48,6474.276
17176,108,1.1319,884108,1159447,1605321,2247858.8,742328,1075195.9,8054.59,44630.996,10925.583
17181,109,1.1322,611984,824333.5,782578,1234170.8,580603,896576.06,3677.605,377438.8,7783.512
17271,110,1.1376,1063917,1519983.6,1323691,1883132.3,962936,1516769,1850.5193,1271980.1,13705.245
17356,111,1.1431999,513263,669289,1621568,2182300.3,431708,612558.8,1315.0579,376880.6,9821.254
17762,112,1.1723,533159,666494.9,1065553,1386364,541224,704179,237.71143,231777.28,9064.884
17856,113,1.1789,1065801,2388683.3,1682949,3925114.5,850184,2405351.3,10524.786,382854.88,16556.764
18980,114,1.2523,770538,1786826.4,1150546,3018718.3,760455,1874290.9,4348.55,591764.5,10215.321
18994,115,1.2529,615119,816791.5,1215850,1503754.9,632204,850771.25,1191.6963,146803.61,7557.133
19080,116,1.2585,757367,1026213.25,1019728,1360628.3,821129,1177081.3,1906.9519,357798.78,9797.681
19373,117,1.2789,521180,594431.44,1293652,1652639.6,439462,560837.1,3446.609,139445.1,6061.694
19490,118,1.2874,659440,1744908,1504028,3512344.5,582089,1530398.6,7435.008,133865.72,8927.716
19742,119,1.3045,685344,1427320.8,657760,1041449.7,657410,1604554.3,-26254.709,376341.44,6538789.5
19789,120,1.3076,714904,885192.56,1654190,2393400,568369,763899.1,8514.744,112404.555,10144.683
19800,121,1.3083,734414,1643488.9,1514765,3023453.8,546625,1567452.1,6244.702,496055.47,10946.449
19863,122,1.3126,738353,1023839.2,1466474,1984531.1,616194,898292.94,3500.0056,53374.734,16989.23
20096,123,1.3271999,470439,563729.25,868729,1129687,527559,670934.6,1384.7582,326251.94,6634.028
20296,124,1.3406,436553,565520.9,973957,1254293.3,412202,581591.25,2471.0706,224567.6,18048.467
20410,125,1.3498,588107,1433520.5,1234335,3033116,564746,1496009,2727.3452,303056.6,9166.52
20524,126,1.3572999,815936,2048150.8,1587007,4009357.5,778578,1965230.9,8456.503,296876.53,12397.97
20916,127,1.3816999,879691,1213948.4,660697,963295,922598,1412351.5,14167.643,294601.03,28033.707
21457,128,1.4172,1337476,1840303.9,1643540,2441879.3,939761,1354088,5456.5684,109897.17,20426.777
21484,129,1.4194,865618,2305692.3,1443799,3922896.8,605226,1749509.5,5000.7417,852019.94,12222.33
21621,130,1.4283999,1069681,1370068.9,873722,1388953.9,945353,1326593.5,7749.454,79709.164,17976.742
21804,131,1.4405999,242485,291430.5,1184809,1364774.5,271735,319301.78,-520.3699,166276.42,6023.438
21841,132,1.4434999,915592,1407980.5,1425529,2257702.3,729219,1303719.5,5510.2314,110869.61,24493.908
22032,133,1.4567,1128009,1806054.3,1385645,2741686.3,784471,1373422.6,5987.84,408849.97,24813.846
22191,134,1.4664999,395605,487190.88,1156514,1407317.4,413780,514670,560.73303,97469.75,5405.452
22658,135,1.4972,467362,575436.1,731410,1016376.94,294620,410523.97,2476.1968,306861.9,18702.992
22833,136,1.5094,469923,634833.56,1018320,1319636.5,335445,516603.22,448.84058,227157.31,7420.0337
22856,137,1.5109,1028704,1765051,1218295,2761783,671156,1433998,3338.1025,71051.62,15811.009
22859,138,1.5109999,929170,1256889.4,1236542,1731240.5,871933,1183294.6,3645.4473,409542.56,13514.655
23196,139,1.5346999,1121355,2771306.3,1442259,3685318.5,1169406,3211650,12836.088,354082.78,17065.998
23260,140,1.5387,883460,1417390.3,1441832,3758566.5,764841,1406883.9,5438.8457,722167.1,20247.666
23523,141,1.5568,770205,1046168.1,736640,1029700.8,920423,1391134.3,1460.7583,201672.19,13883.374
23690,142,1.5687,1251317,2406639.3,1734259,3724109,761125,1964642.6,64791.496,165694.95,17583.754
23722,143,1.5711,1028311,1744303.4,1106034,2737794.3,1013168,1955599.9,5643.704,505077.72,21589.021
23746,144,1.573,410160,480161.75,865455,1152851.5,437833,561000.6,54.562256,216746.89,6940.5073
23842,145,1.5796,881919,1202343,1032416,1459575.8,771544,1175767.8,4434.346,58674.754,14822.703
23985,146,1.5902,317713,349142.63,801324,999470.25,287193,338970.47,345.8733,194572.33,5236.5107
23991,147,1.5906999,370864,522931.06,747058,1016376.7,384260,582644.44,5959.4473,195998.77,5100.6133
24196,148,1.6051999,758693,1059421.9,969692,1599853.8,608445,992085.56,6962.6104,58940.133,33821.402
24256,149,1.6092,645854,818472.7,1260709,1756776,682905,941099.94,1407.1638,360528.34,9897.502
24518,150,1.6280999,362079,855289.1,1338206,2688317.8,402886,873769.6,2463.2358,141179.66,6677.0947
24772,151,1.6451,780229,1048186.75,1147778,1660844.9,757879,1151413.6,362.99817,462527.72,9894.681
24907,152,1.6546999,1106616,1550936.8,1136476,1843710.1,1121512,1662286.3,8747.621,122930.11,19143.242
25379,153,1.6876999,392611,492989.25,890945,1222540.5,439136,592401.6,-542.9595,349688.9,6956.5234
25387,154,1.6881,870413,1930356.8,1370244,2113577.3,718423,1781999.9,7245.2256,495168.2,11536.43
25484,155,1.6942999,668475,897301.56,707713,1031831.94,687030,975876.5,5484.242,41737.566,8176.7217
25653,156,1.7055999,743005,2654853.8,1495000,4194304,656947,2014393.9,5975.492,788458.06,8544.536
26271,157,1.7473999,412412,535122.3,854541,1149506,437604,607134.4,891.7113,106474.12,6382.303
26284,158,1.7481999,527179,887499.5,1181011,1881244.5,634259,1189546.8,3915.6177,158969.81,13025.653
26310,159,1.7494999,463362,591668.3,601257,819980.9,458378,655744.8,731.365,344569.94,14036.414
26327,160,1.7506,602101,726755,1148609,1440776.3,363930,458161.3,3730.706,295403.16,7512.275
26714,161,1.7773999,671745,884571.25,1650977,2225916.8,544865,765235.4,3879.1392,158507.44,15099.065
27368,162,1.8219999,683236,2271806.3,1241727,4031483,578499,2089544.3,6963.9834,659019.25,11034.157
27838,163,1.8544999,707716,828647.1,1213520,1629038.5,593982,753507.75,3009.4885,356192.38,9044.223
27899,164,1.8584,727633,921368.44,1106081,1643108.1,806462,1111751.4,1596.9307,405190.1,8770.039
28137,165,1.8755,848115,1104094.8,1238496,1631517.5,536205,772938.06,6306.714,452294.1,10675.118
28202,166,1.8799,556586,718209.94,721928,1027835.75,663162,901946.5,143.37085,453103,8200.095
28943,167,1.931,771116,1781723.1,1158329,2888190.8,744238,1691702.1,6036.2227,252563.94,15519.055
28969,168,1.9329,598650,732879.75,786569,976315.06,553588,673973,1122.987,54878.96,9023.295
29006,169,1.9354,885440,1703176.3,1648652,3004533.3,754024,1585306.3,5901.3506,64602.844,11003.327
29085,170,1.941,861172,1190548.9,1451201,2012209.1,847409,1309435.8,6054.4473,108746.29,10870.317
29281,171,1.9528999,826160,1005895,1064959,1477446.4,799891,992391.44,3285.7073,360552.9,11259.607
29289,172,1.9534999,1193727,1488898.4,1355713,1804094.9,1182520,1577468.1,5464.0986,88507.07,17453.33
29374,173,1.959,577876,676276.3,1358941,1675562.1,482893,600929.56,2992.1714,280346.66,7443.7114
29575,174,1.9731,1063258,1680091.6,1326038,2256772.3,1156253,2075150.9,9486.777,485003.2,13416.93
30067,175,2.0084999,837388,1984922.6,1627873,4194304,732294,1675931.4,7049.673,769120.94,11154.823
30228,176,2.0187,318909,366556.38,991119,1238636.3,292467,353687.47,3934.1328,301635.72,8893.531
30308,177,2.0249,971655,1327012.5,1841373,2717591,674344,1022734.9,13601.971,447583.3,21651.906
30343,178,2.0265,828585,2393355.8,1256988,4170089.3,798162,2335915,10168.06,564728.3,12794.018
30413,179,2.0307,769216,1953029.9,1436403,3546818.5,726886,1974969.9,7720.5957,185321.1,14664.133
30417,180,2.0309,426409,580731.25,857333,1100238.6,362645,556968,5043.3857,430866.97,28240.934
30448,181,2.0333,377458,458576.5,958728,1242971.8,360965,496680.63,-168.78125,336466.9,5002.8833
30545,182,2.0393,710413,965076.7,1298461,1735217.3,586951,874042.1,1177.5248,422458,11703.203
30750,183,2.0523,862006,1381093.3,933313,1662356.9,837835,1551744.3,6875.491,224804.63,32352.36
30824,184,2.0588,514598,600479.5,742193,1004970.2,522990,675405.3,-743.19214,314429.25,12416.416
30898,185,2.0635,524167,593110.4,784016,1034822.75,578326,700472.75,229.2439,118170.67,6100.784
31151,186,2.0806,800911,1042506.7,1708055,2405793.3,558275,809905.44,2243.6318,218097.03,11000.219
31217,187,2.0851,592530,755327.44,1200232,1685852.4,471128,681483.4,3543.7263,85885.93,7633.3076
31383,188,2.0960999,693770,901424.5,1079033,1369830.8,727723,1005558.06,1062.5104,71172.74,14349.515
31454,189,2.1013,592558,752001.7,1221039,1522683.5,452200,574386.75,650.5419,49438.203,6932.9683
32187,190,2.1504,822086,2470528.5,1490861,3902232.3,680258,2475647,15595.691,219972.52,11564.035
32251,191,2.1548,957748,1849852.1,1952938,3672958.5,658351,1399081.5,4387.698,824136.75,12593.493
32508,192,2.1741,345226,450708.9,784763,996737.1,347528,520573.97,-251.11768,116269.89,6946.628
32820,193,2.1968,880539,1305148.8,1346065,2043953,932757,1556781.9,3333.553,325157.66,12470.037
32957,194,2.205,297037,322896.56,731231,896548.56,311837,358782.97,-1539.8794,171433.83,60714.793
33100,195,2.2143,423094,514525.56,686683,923857.8,484683,654411.4,115.91626,393534.5,10046.857
33162,196,2.2180998,1243997,3860664.5,1336411,3562258,962342,2668740.3,44148.215,107281.02,22511.074
33192,197,2.2202,532431,594976.94,711905,952936.44,544644,665662.5,35646.215,257575.45,10312.033
33455,198,2.2373,427248,551416.4,796550,1031473.94,281018,385137.2,3651.2136,98895.68,36678.05
33521,199,2.2424,605874,794714.06,703954,944928.5,667122,915247.25,3050.4187,154472.1,12541.636
33684,200,2.2526,829329,1576643.6,1150701,2251475,602100,1527702,6298.096,509921.06,10331.194
33767,201,2.2577999,428863,482047.94,1077201,1341372.4,460339,558021.2,-604.02686,306221.44,12692.229
33776,202,2.2584,697399,1086814.5,549442,1483401.9,723173,1299626.4,5773.0254,41058.53,8866.236
33855,203,2.2638,704641,905128.7,1116007,1542041.5,609257,888692.9,1109.5322,522335.66,8124.335
33860,204,2.264,437160,552572.3,1056096,1276148,433386,581043.9,1999.1171,185435.8,6306.289
33897,205,2.2665,487676,603652.2,1168132,1503520.1,418338,569466.06,765.84924,203485.06,7738.1885
34222,206,2.2883,341197,365049.5,596832,731521.2,337176,372156.6,-493.30933,81845.81,24747.348
34305,207,2.2928998,570015,734423.3,1008875,1384715.9,507168,765046.6,2190.3667,184087.67,11350.373
34451,208,2.3021,801211,915537.7,1188394,1525357.4,734104,889968.6,273.969,372025.6,9175.151
34620,209,2.314,1015191,2074683.4,1440794,3469892,652459,1727312.6,4590.545,216947.2,46028.645
34862,210,2.3306,440027,597102.75,675071,934788.1,444547,617157.56,2672.665,108022.99,6941.366
35136,211,2.3474,809783,1039550.44,1118152,1465775.5,473008,671160.6,1253.7828,48605.332,11888.05
35444,212,2.3681,785752,1006274.9,1347172,1897636.1,611904,898265.75,1820.459,321136.84,10379.136
35640,213,2.3809,823959,2535567,1183263,3604598.3,833259,2516050.8,10914.869,590847.6,10129.467
35731,214,2.3871999,587649,837522,1563474,2135702.8,482566,723277.3,2877.9126,214709.73,27553.455
35788,215,2.3909,1043859,3305352.8,1359473,2580713.5,932538,3300892.3,46195.063,123517.83,18734.05
35826,216,2.3938,1150338,1594728.9,1166110,1575981,1250536,1845984.1,9177.691,639143,18002.395
35930,217,2.4006999,339121,435141.9,599461,778362.1,397191,530251.6,769.651,166402.55,7181.428
35955,218,2.4024,420081,515324.7,1374315,1881387.3,256705,355190.56,1391.0222,93671.195,10163.615
36075,219,2.4101,767931,915596.44,759600,957711.44,669523,812153.75,1972.027,57892.01,26714.959
36185,220,2.4178,660265,928418.5,913857,1324854,770495,1204863,1093.1921,186408.5,8960.461
36188,221,2.4178,565990,704056.25,621055,833749.9,578802,770939.06,3415.086,79951.5,8480.275
36212,222,2.4194,487166,663815.6,984512,1412121.5,547955,775034.06,1028.0183,288060.3,6519.531
36309,223,2.4249,974647,1251446.9,1027919,1485642.6,947345,1333834.5,7144.6924,146502.45,12508.905
36467,224,2.4356,1019759,2218760.3,1351964,3242300.5,830703,1766948.5,6163.8647,69089.05,15719.123
36534,225,2.44,874175,2625895.8,1212375,3177021.5,870778,2939162,30207.68,272373.03,10604.077
36557,226,2.4413,569364,980402.8,1187637,2593312.5,538309,911476.1,4721.392,240649.95,7661.5483
36688,227,2.4508998,720459,1315053.3,1164451,2554016,761688,1506346.6,6393.245,327438.63,19722.498
36692,228,2.4513,634099,847594.6,1513270,1959447.1,657096,932986.2,748.9425,317287,11082.6875
36816,229,2.4605,395591,449404.97,1112206,1431517,334701,413290.1,402.32593,234189.38,15599.719
36835,230,2.4615,559674,723147.94,895515,1258084,628580,880495.1,-424.03564,361007.84,9112.239
36917,231,2.4673998,550268,753488.8,861632,1209887.9,472035,710675.56,3117.4985,275875.03,7150.162
37323,232,2.4947,974658,1329946.3,1400057,2002855.9,1016616,1490745.4,8770.239,165714.7,15732.596
37511,233,2.5075998,1094680,1484081,1158251,1742649.5,944731,1348336.9,4024.6313,226813.42,16026.97
37733,234,2.5200999,770601,917162.94,1354353,1740698,617771,766733.94,1035.7164,237002.38,15537.767
37861,235,2.5279,377522,471399.84,680061,859914.6,441986,585793.56,157.98633,237940.47,6605.6436
37981,236,2.5349,847593,1102515.4,1360448,1877877.3,733255,1060943,9623.9,42336.156,14706.271
38082,237,2.5414,582838,740427.94,920448,1228834.1,599699,839675.4,697.53845,348597.9,6910.937
38341,238,2.5586,982019,1412187.1,1755451,2739769,649648,1015922.3,7706.918,317083.13,15319.908
38368,239,2.5602999,834763,1718716.6,702506,1470989.9,832808,2019615.3,14642.304,126389.31,123037.984
38609,240,2.5767,499512,658148.94,705254,977020.25,520225,742007.56,1175.3499,46441.594,21155.285
38703,241,2.5825999,1045632,3711711.5,1151288,4194304,920703,3509240.3,19900.166,245910.47,29132.436
38739,242,2.5853,898869,1171310.8,1165051,1668787.6,582017,859207.8,4800.657,205347.92,14572.721
38847,243,2.593,776694,1101859.6,1402333,1876906,623613,915160.8,5582.8857,137217.84,16534.127
38979,244,2.602,995947,1407762.3,1078533,1527573.9,984349,1511627.5,5630.078,158844.28,16172.507
39187,245,2.6148999,671974,1253861.5,1273112,2794577.5,799390,1382344.3,2819.8047,509825.03,11296.0205
39361,246,2.6255999,799335,1218858.6,1126661,1638760.6,871359,1438319.6,3024.539,464121.78,12075.918
39402,247,2.6283998,1125152,1687987,1658993,2482658.5,993140,1698308.6,4908.3975,280331.9,22348.19
39419,248,2.6297,618448,887218.44,773083,1085134.5,755426,1126408.1,3111.76,272098.22,7566.742
39698,249,2.6487,632578,894507.2,1133549,1890068.8,538847,835030.5,9791.555,479211.1,7375.9814
39829,250,2.6562998,784642,933253.56,1216736,1663676.6,708832,970033.1,895.56067,170924.52,10058.45
39864,251,2.6585,581269,780405.75,837743,1086101.6,349987,514503.34,2166.009,96317.44,24258.98
40212,252,2.6813998,1103882,1498229.1,970867,1505751.3,1175302,1665413.5,7114.5635,301065.28,16616.428
40456,253,2.6964,551264,680947.4,908843,1296974.9,583623,792821.2,513.8292,322261.72,9369.509
40468,254,2.6973999,574818,823402,970196,1442905.1,603978,966322.75,1031.2817,641719.7,10651.363
40544,255,2.702,497719,666232.56,830063,1074362.1,581154,832945.8,3077.4568,138350.63,38671.395
40573,256,2.7038,934207,1270453.9,709053,1039566.9,1041873,1466149.4,7081.218,679866.9,12722.287
40609,257,2.7066998,293255,341085.84,829350,1040449.75,343874,414335.63,-691.5405,188831.02,5887.0415
40667,258,2.7106,771324,1007526.5,1043433,1440722,450990,647168.44,1079.3563,460363.16,14257.678
40801,259,2.7187998,915466,1157360.3,1404562,1952701.4,695341,979277.8,34983.367,225003.94,10893.821
40995,260,2.7316,663092,865455.1,1114581,1593238.4,489003,683062.94,4757.368,121837.586,8272.761
41264,261,2.7484999,695053,943259,1277944,1689709.9,488947,733272.1,1004.0311,256273.08,11142.252
41402,262,2.7568,898526,2202735,1115785,2925563.8,629486,1856553.4,6097.9883,558349.3,14034.347
41469,263,2.7605,560163,839229.25,1013895,1364306.4,583901,971622.8,1596.1848,223260.52,10564.928
41540,264,2.7656,426889,507077.28,1146536,1464100.4,412993,544219.2,-299.70508,253624.3,16343.4375
41731,265,2.7775,583444,789913,768890,1081348.8,640652,949648.94,5495.079,138432.95,9601.253
41906,266,2.7879,756100,1110733.6,813693,1364679.8,850951,1387686.6,1733.3232,366878.97,24736.613
41925,267,2.789,444402,527192.9,1047504,1344477.5,484067,615174.3,561.40857,252136.86,5830.836
41933,268,2.7895,655942,2017249.3,1299742,3287057.3,565500,1768179.5,9626.99,503515.9,13901.472
41945,269,2.7903,805578,1076802.1,1073401,1536385.8,809724,1207678.1,1222.0681,388344.1,11106.62
42360,270,2.819,609472,820246.94,490675,724753.3,675443,1001803.5,2189.2773,183538.17,10404.084
42383,271,2.8205,897364,1690693.6,1438919,3520893,713075,1497940.8,9412.336,664911.5,13107.447
42909,272,2.852,699492,920781.3,1470991,1890839.1,614246,824351.4,4207.3687,444815.88,7938.654
42998,273,2.8569,757169,1147163,1070068,1564723.4,783442,1287137.4,2055.6467,298715.88,17502.607
43044,274,2.8599,1117494,2242094.5,1501612,3707499,827502,2059285.8,5735.5938,479654.25,16086.257
43143,275,2.8669,560490,658361.94,1142911,1460016.3,560226,724156.7,-151.68433,409968.63,7209.759
43150,276,2.8672,670325,827931.7,1000390,1288473.5,570323,735368.2,73.697266,290566.63,7975.691
43454,277,2.886,1055876,1925939.1,812904,2082237.4,1077978,2251617,5459.5947,271298.3,27588.494
43839,278,2.9096,771709,1052702.6,1204918,1596536.4,763843,1131830.1,7910.0967,284613.06,12824.423
43854,279,2.9108,897585,1751808.4,1051422,2763828,832817,1936297.6,2473.6418,364251.7,17659.643
43991,280,2.9213998,618046,880036.75,928990,1337030.3,687274,1019570.25,4783.299,162027.97,7373.3467
44169,281,2.9325,580234,644197.5,478169,569090.44,577150,698271.5,2733.6755,167279.19,7467.0337
44194,282,2.9341,523115,803084.06,824694,1096333.5,510883,890213,781.9813,296023.28,13953.641
44383,283,2.9461,1202383,1874178,1011620,2002359.8,1066170,1983467.5,7587.0264,640201.75,32852.12
44617,284,2.9606,1322316,3010989.8,1843535,4194304,1139349,2551695.8,10367.878,532153.56,29923.191
44803,285,2.9736,655740,838301.44,1250866,1624274.1,504266,721373.94,2012.7335,310174.63,7992.2905
44990,286,2.9835,804118,1549672.3,1283694,2608902.8,548941,1414227.3,2707.3833,270648.25,11118.526
45279,287,3.0024998,758226,2467726.3,1383471,4194304,773786,2048646.8,7841.491,294523.88,9621.126
45404,288,3.0105999,655859,883249.06,1352980,1791677,673365,954805.25,1373.3323,80602.7,9845.72
45503,289,3.0161998,953026,2582421.5,1373060,3765337.8,911546,2326542.3,11038.071,173247.5,23285.586
45561,290,3.0198,742863,947969.1,1072659,1424011.1,695595,948974,897.2035,273276.38,29585.516
45939,291,3.044,798775,1055005,934365,1254138.1,744256,1100894,3795.7383,240616.28,10054.123
46152,292,3.0572,881449,1092602.4,1654945,2341661.5,673855,940247.1,8499.773,42738.18,12248.444
46639,293,3.0893,912947,1467353.3,1829897,3151129,1027285,1837038.6,7704.837,224005.06,14476.691
46825,294,3.1014,641088,904306.5,1008484,1556184.9,461113,722259.2,9123.091,224648.69,11847.531
46848,295,3.1027,894611,3028188.8,1305070,4194304,686656,2407402.3,17734.193,330874.47,55650.027
46868,296,3.1039999,1205174,3648768.5,1299470,4194304,781487,2567496.3,11813.357,356826.66,55645.95
47077,297,3.1173,700966,1004829.25,1281298,1849482.9,856203,1277792.1,1912.3967,322152.4,11909.561
47108,298,3.1193,624844,749821.75,1166575,1497628.5,397361,493385.4,942.9562,196296.5,11016.271
47434,299,3.1408,730922,906816.94,1122081,1429192.4,425810,572402.06,1535.8557,412310.47,9251.112
47541,300,3.1483998,742530,1024548.9,904687,1182182,806124,1251051,2926.0513,112234.414,9507.18
47839,301,3.1678,761029,911628.75,1243759,1739274.3,525269,694168.8,1003.9573,371008.72,14055.703
47889,302,3.1711,920026,2403431,1472092,3928251.8,685740,2037177,5663.884,740053.6,10852.878
47972,303,3.1762998,1003598,1757072.4,1246134,2167323.5,918434,1788994,24525.623,319367.75,13297.03
48166,304,3.1889,626951,816088.25,1436717,1864662.4,676726,915654.9,5808.222,100533.85,11827.306
48206,305,3.1911,566048,700646.3,863447,1138799.4,406521,536966.06,370.26477,369516.25,7260.534
48230,306,3.1924,727150,862703.25,1100377,1479658.4,601975,805771.75,4779.375,434662.88,9105.768
48292,307,3.1961,758901,1093922.4,996118,1485303.3,654446,1089752.8,1617.7395,379503.63,9721.538
48841,308,3.2293,714610,1577878.8,1071770,2590068.3,864633,1854323.4,5977.5195,572098.9,8021.776
49060,309,3.2431,827104,1039192.6,1305208,1688903.9,587999,758229.1,5417.4873,315830.47,9755.874
49781,310,3.2891,865003,1268400.1,1778347,2662863.8,888068,1451614.1,3877.8855,591793.5,15013.16
50105,311,3.3093,923117,1151177.6,1941905,2834529.5,592406,792940.6,3581.8184,420127.47,15907.989
50288,312,3.3204,616644,1498920.6,1200569,3039219.5,641772,1604681.1,7238.1484,287829.44,13082.628
50399,313,3.3272998,311464,341285.3,1082428,1319499.5,245600,281283.78,2620.3582,231426.83,4640.3516
50456,314,3.3302999,850015,1110946.1,1074388,1502594.9,524012,762523.9,6076.9443,342300,11937.582
50616,315,3.3397,893942,1171978,1173328,1755616.8,740873,1158968.4,525.35986,503193.34,14161.614
50948,316,3.3583,347398,464467.66,1058543,1324775.3,337988,454617.22,372.79883,227133.42,10023.674
51004,317,3.3615,501763,596400,1189864,1515515.6,368666,466034.2,1309.7509,185347.06,7252.2046
51190,318,3.3723,589514,793500.44,1150524,1524490.6,618840,840487.6,2067.2202,182027.98,9137.71
51354,319,3.3823,841060,1206350.9,954286,1349242.9,875547,1324704.9,7111.9824,320556.72,12172.707
51401,320,3.3848999,465711,511998.8,1189081,1488839.1,471988,565980.25,2340.5715,278733.7,10250.43
51599,321,3.3967,674737,991033.44,1270629,1806427,463205,753229.1,3097.891,582145,8269.338
51670,322,3.4008,450592,537325.56,1150562,1591937.1,340989,454111.47,316.59155,100041.016,8402.633
51742,323,3.4050999,323580,378756.97,1225698,1526603.5,387754,453472.75,431.22144,167032.34,9246.363
52189,324,3.4297,820970,988549.7,1265339,1673986.6,694485,863952.75,5373.71,197636.45,11388.035
52220,325,3.4315,1107796,2038270.1,1533537,3753946.3,635038,1462425,8195.416,506478.75,21466.56
52371,326,3.4404,659480,788815.4,1084085,1379112.8,615042,802419.56,968.73083,110486.09,11901.488
52753,327,3.4647,526539,638818.5,1095903,1431862.9,434593,572386.25,1202.2195,68004.98,8951.136
52763,328,3.4652,513814,648995.2,969746,1307458,560631,761928.44,3757.0757,48595.215,6027.1733
52777,329,3.4661,837803,1258398.3,1239338,1810511.9,894580,1466497.5,7643.2607,297330.97,15931.837
52942,330,3.4768999,630880,751511.7,1097147,1431811.4,597354,764584.44,-532.6218,377653.44,7665.591
52976,331,3.4793,355142,558313.6,644247,880524.94,413681,730918.1,1901.8638,69561.414,16499.17
53486,332,3.5091,582216,709746.06,952985,1198071.3,351876,436118.63,1036.9205,219281.89,9474.167
53545,333,3.5126998,944557,1300394.8,891818,1289041,1111782,1661789.3,15013.501,148892.1,17227.756
53640,334,3.5189,749112,970378.3,971104,1264174.8,787619,1090761.4,646.9509,237158.25,15693.556
53774,335,3.5267,891330,2205450.5,1007479,2625865.8,948923,2549925.3,4039.9521,821005.44,15826.214
53795,336,3.5275,385464,498925.88,538918,699973.75,419371,590421.56,415.72485,223882.27,17477.006
53807,337,3.5281,432842,743554.8,789118,1184444,335720,663332.94,9800.035,293805.44,133313.06
54022,338,3.5414999,348931,438973.3,1198755,1497515,263302,348988.4,3390.5005,49288.6,28356.516
54162,339,3.5502,611607,781281.8,1091457,1480879.6,602538,842404.8,5331.204,211826.11,9985.918
54438,340,3.5686,762348,1009238.44,1588675,2228938.3,636041,980050.7,6529.827,201877.94,11826.741
54527,341,3.574,762347,1057027.3,983348,1376793.1,616073,968608.25,4265.6885,273834.94,10750.702
54532,342,3.5742998,447296,542218.5,1190295,1524758,367614,489014.22,411.2262,151318.02,7897.844
54787,343,3.5902998,903020,2180798,1144418,3081053,1009108,2717429.8,5276.45,602596.6,15990.061
55004,344,3.6037,585255,782111.06,991633,1353762.3,693202,994110,991.1553,215915.77,11648.714
55005,345,3.6037,815474,1103820,967003,1333476.9,904396,1268904.1,6548.617,525657.94,10794.936
55032,346,3.6055,769144,954486.9,870003,1255610.9,798371,1016989.1,2314.7124,184885.3,13143.149
55188,347,3.6155999,865873,1150209.4,1184409,1654639.3,932839,1341984.5,6061.4277,247087.61,20194.18
55213,348,3.6172,510272,695398.25,896286,1135242.6,561733,797178.5,1806.8057,186778.34,22705.215
56001,349,3.6667,525101,726047.06,966514,1229478.4,556244,808811.6,893.47205,177335.42,19416.65
56141,350,3.6753,752489,1873366.8,1757876,4194304,557847,1538534.5,6785.4834,46156.8,24109.973
56254,351,3.6819,690009,865432.8,1026114,1283298.4,569856,687546.5,387.0807,78312.63,7969.0996
56356,352,3.6878998,525457,763414.5,604378,899493.5,615894,959671.56,2885.1973,100751.87,9202.604
56435,353,3.6922998,760476,1499363.4,1291458,2610469.5,542105,1263880.4,4253.6396,458820.2,18654.676
56481,354,3.6948998,625491,849218.7,1255658,1646279.8,628387,913724.75,7651.9297,56666.004,13401.471
56523,355,3.6983,780257,1078658.3,1393344,2307997.5,793393,1160384.1,1393.5476,480757.6,12383.336
56941,356,3.7238,406065,461583.22,1110253,1344738.8,278594,328383.88,-69.96387,89320.46,6254.6665
57007,357,3.7285998,1190591,2775268,1448226,3916103,959766,2825683,14217.511,875653.4,40263.434
57049,358,3.7312,1205421,4115331,1167343,3023528.8,1259353,4194304,19934.303,330199.25,50071.26
57072,359,3.7322998,915543,1322396.6,1460614,2022084.4,975066,1462254.5,4600.382,381606.63,16902.588
57141,360,3.7365,537455,635535.06,554293,742303.9,535376,685277.06,495.96472,209828.19,8060.3267
57171,361,3.7384,895319,1551458.5,1071748,2357450,684802,1431973.6,7478.5654,153804.1,25263.299
57415,362,3.7514,1055780,2081072.6,981592,2140029.5,1045697,2345292.5,7499.294,238568.77,22535.24
57426,363,3.7523,640717,1472636.9,1269691,2260976.5,623869,1315423,8616.426,51573.344,14898.626
57515,364,3.7573998,1163577,3038065,1263797,3451175,692680,2031672.8,9084.193,914783.7,26838.96
57529,365,3.7580998,531299,655482.5,1011923,1251598.3,542512,709910.5,794.5659,109180.23,11599.698
57701,366,3.7686,707209,1735119.9,1131120,2965144.3,811845,1776266.8,3528.83,391663.7,21376.258
57898,367,3.7805,257922,275564.94,1237560,1497192.9,275695,310417.06,-238.51831,43472.355,4292.2065
58173,368,3.7974,662797,781429.9,1134910,1555335.4,530412,705376,362.01758,230817,8831.719
58212,369,3.7993999,841709,982855,926335,1206640.5,669164,855606.2,2338.0027,68377.98,35802.79
58716,370,3.8274,709851,917179.7,1526911,2156857.3,385626,560843.94,2098.36,178005.55,14718.517
58789,371,3.8323,663202,843390.94,1150572,1464389.6,652764,920257.56,10117.552,148474.69,7620.9585
58854,372,3.8365,868628,1188900.6,1205731,1728916.1,930043,1386399.5,2896.9705,187053.92,15236.4795
58886,373,3.8391,802147,1004365.2,1135526,1529044.5,514439,709427.6,3267.1677,86366.914,10852.31
59026,374,3.8474,464043,1097526.6,1109088,2614799,486000,903696.75,2875.0674,259005.47,8091.78
59224,375,3.8602998,680346,1620679.6,1248789,3133014,559716,1386633.8,4025.338,424479.16,34020.668
59232,376,3.8606,766208,1054318.3,1605471,2253895,564118,888030.6,4491.901,119096.305,16233.867
59546,377,3.8794,404090,504001.72,714923,947718.75,438682,605854.2,1096.6262,219191.89,7795.5156
59571,378,3.8811998,703684,915601.4,1339740,1803457.6,661514,927378.94,285.17273,234034.81,8421.242
59649,379,3.8857,1280671,1750060.5,1436683,2138946.8,954533,1473684,5582.689,270943.66,19628.695
59851,380,3.8981998,292502,347765.25,729507,898523.9,164063,205527.86,521.249,51310.21,6144.2495
60598,381,3.9438999,825146,1118222,947356,1329201.8,867618,1300007.4,1864.4523,303971.78,10256.002
60612,382,3.9445999,1283315,2233098,1186896,1725367.4,1380014,2640182.8,10822.579,898647.56,19263.621
61279,383,3.9826,514734,669116.5,1238171,1560156.6,378871,514165.4,1190.2,42841.465,7463.748
61407,384,3.9905999,563869,742446,1106298,1430876.4,600799,820942.9,895.9684,334077.38,10307.418
61868,385,4.0197997,593080,786248.7,1439306,1944549.5,622266,901177,1213.8842,144328.98,11581.404
62473,386,4.0575,1057621,2047355.1,1620663,3603350.5,846246,1801145.8,11534.381,693284.5,26269.527
62634,387,4.0682,681029,1953639.9,1422575,4194304,555470,1838824.9,5512.805,737995.2,9640.258
62808,388,4.0779,568852,710134.1,1125573,1427428.8,531271,700272.3,1182.5973,275639.94,8970.624
63034,389,4.0910997,941541,1277501.5,1187343,1765471.9,584179,863277.75,1789.9213,325756.56,14604.079
63040,390,4.0913,722979,1539423.8,1356183,2984448.3,705735,1284550.8,3408.8047,422739.44,8556.397
63125,391,4.0952997,599255,1220678.3,1203944,2914199.3,559362,1327962.1,4071.7336,114651.195,13166.931
63129,392,4.0956,1039895,2234219.3,981112,2452147.5,1103239,2684170,33964.51,366665.66,13307.349
63242,393,4.1024,329846,439317.75,844503,1022722.9,279993,384426,2817.269,229087.53,7697.97
63470,394,4.1168,704892,1000075.7,804272,1138413.8,636633,1031441.44,7097.043,146655.92,25302.764
63488,395,4.1177998,704226,922361.6,974109,1362411.9,663498,998518.4,2119.9958,110656.266,10566.1
63614,396,4.126,523132,629027,1206273,1519070.9,509436,673829.4,3275.109,284580.5,7111.797
63732,397,4.1326,899107,2605733,1107226,3668792.8,718804,2612855.3,10135.343,1253154.3,12844.87
63838,398,4.1386,722635,1019461.5,961161,1380373.5,760018,1220471.8,2810.8105,152277.03,28911.879
63859,399,4.1398,842881,1102593.3,872104,1159926.3,939137,1315846,6701.7383,62453.02,31482.896
64022,400,4.1489997,707556,2189917.8,1470933,4194304,755101,1946943.6,26369.535,221719.1,11150.976
64091,401,4.1535,364982,403594.78,1084036,1343876.5,383518,446680.53,-466.71313,294516.9,5862.3003
64196,402,4.1591997,771872,1686067.4,1085730,2760320,715134,1514588.4,2683.775,435985.66,12403.038
64216,403,4.1605,500756,597949.06,1267215,1704003.1,489184,631159.75,828.0216,185575.7,8495.23
64359,404,4.1691,712647,922907.6,1223231,1553694.4,572662,779971,613.6041,224815.22,8235.26
64411,405,4.1726,812943,905754.9,662487,852928.7,614238,742452.06,1180.1895,96887.93,16696.227
64885,406,4.2016997,651237,782498.5,1275451,1559179.9,485238,564722.9,20899.434,169333.4,8832.742
64984,407,4.2078,525788,856266.2,1510360,2526765.3,475945,876933.1,14688.101,267645.72,47771.254
65229,408,4.2226,652730,776589.8,1368658,1892615.3,474516,619198.1,4034.6663,127733.516,22781.875
65236,409,4.2229,703861,878903.56,1167625,1637674.1,530551,756757.8,2216.0327,60614.777,10687.467
65359,410,4.2314,902236,1260597.4,1097350,1507798.5,944559,1419129.1,2588.5073,284550.47,16142.129
65470,411,4.2379,667495,891385.2,983996,1284836.9,629686,894743.7,2797.0415,70077.99,9389.992
65519,412,4.2401,510936,620049.94,1054421,1341819.4,492093,607120.1,1442.8865,158201.88,6754.235
65748,413,4.2539997,1071995,4194304,891515,2374467.3,852312,4139981,51901.137,908588.8,25502.719
65819,414,4.2578,456334,544613.75,945843,1184309.6,460077,575494.94,1678.105,192568.13,7637.6978
65849,415,4.2594,485972,616088.3,553485,763928.44,531268,743793.3,206.03198,462366.13,6263.208
66040,416,4.2713,615349,894486.7,1292989,1828949.9,666305,1016925.1,1746.9146,333052.1,24858.803
66751,417,4.3143,912778,2788610.3,1332929,4194304,998137,2755470,7410.424,635855.5,12724.241
66859,418,4.3206997,866257,1141290.5,1454319,2048250.1,685208,982260.9,1922.8739,268886.72,10733.015
66943,419,4.3259,616699,1471900.8,974040,2558315.3,533490,1311389,3906.0933,366515.7,9168.814
67157,420,4.3398,989538,2491911,1327160,3296382.5,994113,2724241.3,15357.628,132969.89,13862.304
67209,421,4.3427997,672205,815171.5,1104746,1445708.1,509293,682335.8,2172.087,266695.9,33088.3
67212,422,4.343,695645,909069.94,1560881,2149155.5,869897,1147105.4,2070.7573,74975.75,13788.466
67243,423,4.3448,368487,453731.4,1015469,1325584.5,373254,517918.34,74.94556,140670.4,6277.678
67316,424,4.3493,725424,931309.8,1308349,1888963.5,508530,733201.2,6725.448,622957.44,13748.61
67526,425,4.362,726657,997097.06,926178,1269331.9,778351,1151407.4,4098.057,372942.66,8690.394
67580,426,4.3645997,1006588,1758179.9,1558119,2586226.5,996412,1991164,5770.1406,529865.7,15130.381
67669,427,4.3697,593208,1101693.5,918368,1890687.5,657907,1357408.9,5000.505,100951.04,8713.157
67743,428,4.3747,477668,604849.8,500390,634184.5,492692,672729.8,2075.3796,70811.09,52078.47
68011,429,4.3904,830992,955079.94,1363641,2087375.3,679735,871713.06,3255.42,169559.86,11245.541
68161,430,4.4003997,655490,1922389.1,1434701,4194304,491486,1883928.4,5513.0625,574365.94,9136.73
68317,431,4.4094,1273234,1692222.6,1506806,2120055.3,1237419,1801442,1716.9465,399526.75,18983.574
68354,432,4.4114,535086,711939.1,1280152,1694535.6,661266,890616.2,3283.1492,354663.66,6181.665
68489,433,4.4210997,795643,1006671.5,1238897,1578482,643360,859612.06,2568.7341,176567.81,12451.038
68508,434,4.4224997,709853,973434.25,979456,1423041.5,796883,1194887.5,1132.1411,148407.72,8670.658
68705,435,4.4346,882227,1189958.3,1330409,1859584.9,753373,1137009.3,12097.528,189046.48,15183.655
68710,436,4.435,830717,1108099.9,1172754,1679751.6,775106,1060016.6,6919.342,250624.36,12625.492
68768,437,4.4381,1335776,4149621.8,1499387,4194304,1314097,4194304,18525.041,196984.66,32759.08
68877,438,4.4435997,577525,730304.4,1351496,1830001,436944,612402.4,-239.41943,450962.78,8424.248
69413,439,4.4769998,371464,452501.25,903059,1140982.5,374251,472734.78,-891.3198,299702.47,15220.925
69830,440,4.5011,1028192,1394478.1,1811024,2426663.8,985867,1422217.1,2490.3162,223134.39,17504.98
70275,441,4.528,536682,709845.5,1017105,1333644.4,282781,400427.1,19.684082,307921.1,10631.677
70338,442,4.5318,875512,1302830,740645,1159033.8,803413,1311591.9,2891.6216,534524.25,17518.2
70340,443,4.5319,681743,943781,1047002,1428518,341324,532001.3,6608.491,51936.316,8998.895
70719,444,4.5547,781543,2134977.3,1137309,2817238.8,827567,2412244.3,10379.905,382898.25,41092.38
70810,445,4.5608,648658,866690.3,1218668,1550414.5,824994,1095826.6,5899.966,200024.53,10993.91
70971,446,4.5697,715251,1717882.6,1336236,3068150,814246,1728016.9,3724.229,349379.66,8727.813
71044,447,4.5745,611683,870816.56,968994,1256706.6,682011,1007618.2,2657.1602,117104.17,10268.237
71076,448,4.5765,503786,595629.56,1198940,1527455,335731,420998.72,598.87585,197314.31,8428.772
71130,449,4.58,812962,1123771.4,1654752,2093988,638709,912109.3,2692.974,257221.5,11632.602
71142,450,4.5804996,361403,400930.63,1131528,1392003.9,322439,367071.88,4846.13,216198.9,4879.8887
71333,451,4.5906997,796506,1123894.9,1698599,2467126.3,631052,1035067.75,3451.1865,52636.168,10329.822
71415,452,4.5948,577760,711860.5,1261031,1670653.3,530869,722854.9,-206.14478,367189.16,8418.4375
71423,453,4.5955,837499,1330803.5,1616248,2721240.3,589297,1111301.1,9060.068,113150.67,10964.645
71439,454,4.5965,810173,1104759.1,840675,1322196.4,969834,1361093.6,39827.652,87187.27,12072.55
71474,455,4.5985,426166,533669.4,1309261,1736189.4,354820,495163.2,60.339844,199225.84,6115.2764
71567,456,4.6052,484732,715225.94,903795,1288115,533240,883536.94,2676.6248,292237.75,10145.357
71597,457,4.6068997,711103,1939765,1755934,4032536,653198,1738940,6385.199,432757.16,11520.773
71834,458,4.6207,658842,993930.75,1818012,2642341.5,592982,967166.6,3348.6272,563139.75,14381.492
72096,459,4.6358,396499,825958.7,853438,1641223.3,442535,1002847.8,4365.001,55169.08,6682.046
72216,460,4.6444,285436,349435.88,671831,807802.1,304716,406150.53,200.75732,128890.07,24555.824
72322,461,4.6514997,653231,1382719.9,1386933,3236955,472151,1165516.6,3161.5986,605286.4,11923.536
72513,462,4.6636,824437,1027674.94,888669,1197459.3,808282,1120186.6,3029.7715,181666.31,24367.646
72777,463,4.6784997,594409,751998.7,1264783,1753478.9,489041,696555.2,2675.6316,257422.11,8421.802
72958,464,4.6893997,497465,1157253.4,1082545,2497135,485368,1253134.4,2735.7732,469431.66,9194.292
73251,465,4.7058997,566804,675465.8,1572477,2081109.4,434090,562244.56,1778.4749,389971.2,25684.73
73322,466,4.7107,774441,1591047.1,1144873,2396847,764143,1888882,7639.419,405785.78,9291.721
73810,467,4.7419,425284,610008.44,916950,1312786.4,363538,557169.56,8968.231,162825.33,20499.469
73846,468,4.7446,814077,969790,1231853,1678943.3,638881,847023.25,7948.755,327317.94,13068.795
74193,469,4.7657,804586,1562926.5,1337225,2224928,658538,1525400,5650.3496,117035.12,11716.018
74348,470,4.7753997,866769,1101129.4,1905073,2555576.3,508763,729178.75,1459.3344,393291.44,28724.05
74560,471,4.7886,569793,705076.06,1070055,1305099.4,394822,489531.7,490.10522,62720.742,6603.577
74603,472,4.7911997,889403,1119191.6,1146458,1730776.9,787420,1109811.8,3335.0845,345634.97,15540.33
74693,473,4.797,786918,1044783.4,889819,1207962.4,871432,1227471.3,4781.369,502982.1,9924.854
74911,474,4.8111997,830314,1912806.8,837017,2207698.3,885919,2265625.8,8434.358,42739.637,13442.688
75035,475,4.8178997,599520,860484.4,680445,961847.8,693984,988428.56,2145.296,226929.8,7649.4517
75096,476,4.8219,803706,1053219,1800581,2413370.8,635250,876596.94,4588.8174,499914.13,12009.531
75635,477,4.8559,702150,897587.56,1310397,1776957.5,551700,807218.6,5611.7085,50927.18,8366.743
75654,478,4.8571,402952,474068.8,612862,778896.1,405892,539117.06,394.43896,254806.45,7890.602
75791,479,4.8665,643183,760281.94,781835,964546.94,413070,505493.34,13145.998,54215.47,12763.853
76277,480,4.8957,1181778,1553341.6,1378654,1920649.4,928105,1378516.4,2694.1638,188012.31,26981.986
76298,481,4.8968997,1197383,2128371.8,1156124,1990237.6,1207709,2420854.3,17431.37,42001.516,21742.627
76421,482,4.9042997,491446,639955.4,1516840,2022998,362936,540459.7,1237.8553,60369.98,14208.41
76621,483,4.9163,1065585,3093632.3,1616926,4194304,899461,2971756,8828.924,531489.6,13459.443
76646,484,4.9175997,617872,1344647.1,1465393,3200110.5,613605,1524534.8,4413.968,50540.836,15994.61
76657,485,4.9182997,839191,1125337,1047311,1454335.4,792751,1187572.4,2327.8232,151848.34,9784.5205
76736,486,4.9238997,869998,3343678.5,1627341,4194304,900725,3424907.8,9487.809,605117.7,13557.629
76816,487,4.9293,600773,795993.25,1610735,2107954,543910,752308.8,4002.3218,101827.59,7428.789
76864,488,4.9326997,635114,1532372,1642075,3066539.3,701344,1570124.6,4927.9487,487388.28,14360.088
76905,489,4.9361997,787586,2538052.3,1286376,4194304,639724,2246313.8,13151.2295,326368.25,10862.885
76991,490,4.9412,814447,971147.06,1084538,1412543.1,789892,1027486.2,2016.2545,200121.9,18362.678
77155,491,4.9502997,805166,1539894.6,1385568,2986797,1028606,1925013.5,3265.558,470982.94,10582.796
77286,492,4.9584,412196,505069.1,673749,900507.44,443348,581889.2,227.81396,176091.63,6674.623
77368,493,4.9632998,335886,367533.75,824839,983462.94,349701,388874.94,3834.5781,104231.984,5962.264
77634,494,4.9796,673491,830137.1,1196526,1547609,526578,708295.4,687.5082,200473.73,7670.611
77705,495,4.9846,494062,673142.2,739114,981977.9,531755,779821.6,1892.4747,285978.4,10798.387
78145,496,5.0127997,674281,1155524.9,1093258,2397182,413832,833437.7,4680.774,457752.88,12946.672
78163,497,5.0139,784697,945581.06,926238,1334577.1,721458,941077.75,3754.1042,76827.484,73423.04
78356,498,5.026,552928,716503.56,1071893,1437866.8,638861,829603.5,-199.6394,286195.03,7124.4165
78401,499,5.0283,940880,1306423.1,1329769,1911108.9,740242,1116678.5,4220.1377,140058.53,11893.442
78562,500,5.039,829015,1842512.9,1440071,3245739.8,687041,1659453.9,6813.373,546750.44,9949.241
78593,501,5.0411997,837515,1683705.6,969207,2455846,772954,1586983,4931.033,682790.25,10680.752
78832,502,5.0566998,567387,692780.6,1268615,1546243.1,584603,698620.5,1783.458,54126.023,8618.922
78910,503,5.0618,958571,1748722.9,1712794,3878972.5,545538,1150617,3792.2278,570824.2,14722.984
78936,504,5.0639,632169,842403.6,932282,1375406.9,704628,1036242.8,5675.9595,149868.1,9794.536
79292,505,5.0875998,982049,1679454.4,1371116,2621641.3,1194100,2119577.8,8676.696,483494.06,13166.455
79388,506,5.0933,725955,950078.8,1012260,1440872.9,814913,1163280.6,6436.8145,87377.55,12309.78
79548,507,5.1043,525312,666917.4,1185444,1519823,283934,387282.9,2387.3647,85860.67,11032.581
79658,508,5.1120996,629081,772607.7,1240338,1729421.8,545341,741460.56,3502.021,361629,7752.897
79983,509,5.1326,842861,1184839.8,1301852,1956552.6,846181,1298272.9,4224.212,153265.3,33952.24
79988,510,5.133,587591,824461.94,1059966,1482514.8,677484,1003490.56,1560.8492,223957.4,10902.553
80169,511,5.1439,1179485,1407689.3,1370285,1739281.3,970355,1220820.6,51781.875,301535.2,19153.04
80170,512,5.1439,263851,362617.78,635338,809802,283592,414427.94,1144.6648,161506.97,12426.195
80382,513,5.157,450355,563434.4,1344150,1751647.8,416587,546631.6,909.2294,229851.73,5609.2085
80432,514,5.1601,1050277,1334392.5,1008843,1321202.6,665592,905688.1,2030.8041,743990.3,15856.236
80505,515,5.1643,456571,537175.9,605001,821056.25,345204,430547.88,1748.7991,191479.38,17787.201
80763,516,5.1811,751115,988606.25,1231011,1757142,772456,1111440.5,5380.757,195835.5,8453.449
80809,517,5.184,631115,1366632,1376448,3301427.3,394004,1059362.9,1675.7427,469195.06,7824.29
81297,518,5.2159,471759,541706.9,879343,1097052.4,488845,593545.5,12460.411,127448.72,6462.4653
81553,519,5.2314997,559294,606112.94,781306,982619.06,355801,412848.6,7958.1943,260409.3,12153.0625
81597,520,5.2342997,652397,859256.7,832708,1075342.6,371672,529811.9,1524.9631,436264.94,9995.431
81678,521,5.2395,612826,775771.56,1059668,1348968.9,397843,516044.1,7247.712,47679.164,12262.211
81867,522,5.2511997,1009127,1404708.5,1278199,1712396.9,1218480,1748824.1,1442.5239,154005.58,18457.627
81892,523,5.2527,612469,747680.5,1361212,1931368.9,540349,753799.9,3689.152,244523.5,8423.077
81927,524,5.2553997,426618,593729.56,1441209,1903624.9,382402,560120.56,-356.22778,539590.06,7360.338
82227,525,5.2739997,389065,447897.44,1226566,1632165.1,329963,425451.34,1095.9753,53657.293,10865.381
82481,526,5.2907,525855,637559.25,905176,1145138,561689,723271.6,3092.9639,174949.27,7196.6157
82768,527,5.3093,678289,871533,1296628,1684411.4,730793,946657,5405.118,100155.92,9531.628
83196,528,5.3361,399858,496529.44,1046159,1335129.6,315606,390862.75,1168.6482,86407.81,27275.729
83429,529,5.3514,431445,627420.75,780151,1033803,199511,339736.63,890.99915,242582.89,10114.35
83486,530,5.3552,587138,746519.5,1126590,1724414.8,575006,823799,174.14404,458982.78,17174.012
83660,531,5.3677,854475,1169778.6,1229679,1673918.8,761613,1135940.5,1989.6478,518929.44,12035.193
83666,532,5.3680997,1117047,2002675,1676368,3128416.3,894165,1737978.4,13039.993,319645.13,16609.324
83681,533,5.3693,656532,869389.56,850226,1093734,617111,939709.8,330.45667,307695.4,7870.6665
83797,534,5.3763,729427,888660.06,1026689,1306143.8,774500,990848,980.90186,187851.38,8205.221
84136,535,5.3982,571328,824179.2,1121488,1457473.4,632581,974335.3,5681.7314,454385.13,7857.257
84318,536,5.4091997,576128,790392.8,1019420,1386734,587692,832125.7,836.3845,193812.33,16182.736
84322,537,5.4094996,577296,724577.2,1363149,1835016.8,502273,674712.9,1370.3285,102334.164,9978.481
84354,538,5.4111,609679,752260.8,1157872,1440803.4,565624,739421.06,1277.7831,152063.17,6937.692
84365,539,5.4119,536526,671513.4,1102059,1512364.8,350420,490121.97,502.33472,57553.734,8865.345
84729,540,5.4325,952509,1998242.8,1119930,2883445.3,1011934,2324481.3,5508.375,392585.9,12138.247
84805,541,5.4364,575383,759876.8,1119032,1564043.1,577179,824170.5,2490.7122,93462.85,19544.922
85188,542,5.4602,753814,2266403.5,1351857,3969107.5,737906,2295730.8,14026.774,134604.94,12418.067
85645,543,5.49,717744,1722804.3,1450896,3416928,611587,1520258.4,5251.158,181940.67,11253.252
85649,544,5.4902997,428865,490631.72,1143942,1431925.6,283616,339986.84,-62.87036,219651.63,6411.482
85840,545,5.5025,719622,1638472.1,968591,2311656,832327,1958859,3209.227,620788.56,14335.132
85852,546,5.503,935131,1728022,1206498,2405832.3,735492,1647965.8,3101.5508,137435.08,14986.037
85879,547,5.5046997,613349,635423.8,475634,527309.7,597054,620821.25,47242.27,77015.484,7257.026
85957,548,5.5094,849881,1126607.5,1106925,1624899.6,593272,893214.8,1445.1952,386522.25,14739.523
85976,549,5.5108,526859,704776.6,853553,1071626.8,629525,857343.2,1244.469,242735.84,6271.2793
86320,550,5.5319,569000,708667.1,1259225,1633080.5,435740,558005.4,1863.4401,210873.88,10853.553
86403,551,5.5368,863580,1209091.4,1628102,2237147.8,708966,1057442.3,2595.519,309068.06,21648.28
86467,552,5.5418,539195,736468.8,695206,1006499,564736,889882.6,902.2053,351554.1,9122.968
86605,553,5.5506,1033951,1379244.4,1590159,2329981.8,702651,1070372.8,4368.8286,352090.06,15530.075
86749,554,5.5596,1334462,2254693.5,1635728,3679198.5,1434259,2627235.5,10117.656,193372.39,26828.293
86768,555,5.5604997,1199476,1611830.8,1077974,1589710.8,737790,1081085,13160.407,196640.67,19183.875
86829,556,5.5646996,820229,1036453.56,1123895,1603219.1,586713,780851.9,8041.627,540033.75,18465.217
86878,557,5.5676,692253,1623706.8,1505134,3169239.5,543976,1509471.6,4985.546,436064.5,8255.241
86947,558,5.5729,1153117,1460540.1,1555284,2134499.8,703627,905105.44,4954.8247,169392.89,15643.057
87203,559,5.5891,312679,562140.25,1227778,1523320,345577,635335.9,3204.581,200401.5,4960.6772
87211,560,5.5894,663412,813930.4,1168060,1573302.1,462263,630286.44,983.3346,290930.9,12029.697
87257,561,5.593,732444,1020418.75,1181827,1598878.8,843003,1196448.4,2840.2532,265638.63,8442.785
87338,562,5.5976,825122,1748347.9,1476590,3392568,630466,1780447,4278.5557,748865.8,10647.14
87494,563,5.6066,320484,402048.6,852210,1044045.1,232785,293058.94,3295.1191,68165.31,11746.026
87500,564,5.607,791960,1171373.9,1066577,1521310.8,868682,1423709,2768.2559,137104.08,10208.76
87690,565,5.6201,457571,562712.06,1270779,1675779.5,412306,555771.1,901.6311,210608.44,7293.7114
87727,566,5.6222,533045,708895.9,782872,1119187.5,584011,807706.56,1247.9714,145900.55,21107.45
87749,567,5.6242,472602,721863.5,974852,1371274.9,301205,545872,6077.5874,155444.83,16125.735
87852,568,5.6303,964588,1178209,1181139,1603738.1,558879,756933.75,1594.6732,121173.63,11502.029
88065,569,5.6429996,926697,3295288.8,1591087,4194304,757033,2713722.8,9999.742,953932.75,15430.734
88132,570,5.6473,1009579,1167723.1,755279,1116300.1,950424,1163341.8,5766.0913,160112.14,19932.621
88259,571,5.6552997,491055,657965.5,882913,1165144.9,490481,741650.9,1373.9293,318518.28,20921.03
88324,572,5.6601996,557160,757531.6,738123,1070583.4,598510,906359.7,1294.2284,282485.63,8303.459
88545,573,5.6747,862727,1091017.3,1400501,1891541.1,684501,942783,2339.7842,115987.555,11096.44
88665,574,5.6821,366463,442470.75,811958,1091980.1,275328,367445.7,5772.928,161299.72,11399.525
88948,575,5.7005997,442879,589011.4,970773,1295846.8,339954,464883.2,2443.8474,358572.53,10435.204
89170,576,5.7142,933530,1225182.9,1483009,2023408.4,686787,988090.94,5502.8867,258037.17,12852.107
89188,577,5.7155,1150944,2573530.8,1093771,3184635.8,639846,1894962.9,15809.139,223919.86,16058.18
89290,578,5.7223,970762,1212244.6,647500,845808.3,999732,1245635.3,3986.0654,65648.13,25781.588
89466,579,5.7339,946687,1231469.6,1614080,2218024.3,988255,1365170,4542.994,113922.66,73422.32
89495,580,5.7352,805293,891004.25,1015056,1339993,892343,1025149.7,5527.037,44303.098,13343.827
89513,581,5.7365,1121868,2752891.3,1810134,4194304,1168148,2996361.8,16620.586,391368.3,22551.861
89640,582,5.7448,1099014,2417683,1450143,3241492.8,706034,1951419.9,14767.95,465238.66,17853.35
89649,583,5.7455,514315,654999.4,1014428,1388332.9,554793,768013.8,1318.1775,137694.42,6035.8364
89662,584,5.7465997,572296,701428.7,1280076,1783234.9,431089,594921.75,5193.1396,231063.4,13194.821
89695,585,5.7486997,628878,819862.75,921275,1284699.3,433905,614479.1,4292.0938,138540.72,8632.922
89704,586,5.7493997,1113363,1996156.9,1328164,2461775,797504,1598236.6,29106.623,75481.71,25843.797
89761,587,5.7525,768270,999957.2,1316768,1735495,741965,1013838.4,685.6649,217076.73,10766.973
89899,588,5.7618,330921,450049.5,898815,1203391.8,323432,454736.44,3511.9485,75278.6,22333.627
90537,589,5.8030996,767839,1015292.56,1065598,1521213.6,778686,1133776.4,3788.0864,373235.47,9217.461
90576,590,5.8061,1031141,1961335.1,1429745,3196620.3,646244,1574078.1,6908.2217,356920.9,12816.98
90580,591,5.8062997,359910,455337.9,862165,1137419,431922,580054.6,705.47156,63996.71,6055.444
90686,592,5.8125,865521,1881160.5,1333844,3507601.3,846793,2088133.3,6954.327,214341.06,21045.754
90838,593,5.8220997,320546,378190.38,1010692,1212092.8,366806,427338.53,30.029053,157808.52,9146.356
90980,594,5.8307,1133650,1377118.8,1208348,1795272.3,978667,1341725.5,4793.239,148049.53,18878.82
91306,595,5.8525,470641,577930.7,1144119,1455128.5,493757,605680.4,490.80664,119993.77,6192.491
91504,596,5.8655996,683460,1919649.5,1165671,2895564.5,760366,2281738.8,8551.882,74439.01,9550.292
91511,597,5.8658,936871,1359054,1105300,1611959.4,1099172,1675636.6,3502.9854,322079.63,15693.813
91643,598,5.8746,1256233,1823936.4,1100047,1660659.8,1310639,2105503.5,57753.797,103748.18,18889.254
91672,599,5.8763,633836,769669.4,483854,620612.5,430145,524174.66,11961.766,80419.39,27927.959
92188,600,5.9124,799017,1972062.8,1166598,3095764.3,692714,1928126.3,7149.5176,451029.72,9135.62
92469,601,5.9308,804419,1116645.1,1741485,2596685,720268,1085794.6,1405.9056,553618.94,9430.39
92511,602,5.9337997,1233034,1446951.3,1020480,1315841.8,755422,905991.44,12633.018,176052.98,20693.932
92619,603,5.9402,607506,752519.06,1154889,1564989.9,445385,614047.94,3017.234,91493.59,11449.842
92769,604,5.9498,1141011,2324218.3,1628751,3139360.3,829287,2290563.8,9339.671,342830.06,16211.102
92986,605,5.9642997,919037,1520687.1,772824,1824339.1,1075790,1811317.6,4172.66,576215.94,16760.14
92989,606,5.9644,717463,1058458.6,1706536,2330006.3,712240,1108847.9,7283.382,231787.1,10006.039
93265,607,5.9825,656669,764672.06,667710,1121136.1,374708,474608.4,1361.0287,243999,9140.166
93567,608,6.0023,890759,1163282.9,1071070,1456891.8,575760,824425.25,1782.82,345503.03,16813.021
93658,609,6.0078998,636900,895065,820930,1196663.3,610633,983383,4957.8257,131141.92,52693.934
93984,610,6.0299997,600512,1105635.1,1478672,3140432.3,548426,1176787.3,4688.238,220797.23,33016.484
93992,611,6.0301,289100,359456.44,1153733,1355883.1,315400,380704,1039.6635,113549.43,5346.146
94077,612,6.0348997,932516,1234202.9,1513522,2101534,721754,1063211.3,1634.8455,162119.03,12658.79
94230,613,6.0449,433748,523030.94,1500059,1914140.6,258904,327603.88,445.08447,268564.97,7915.3003
94686,614,6.0723,450293,1054518,1140613,2282493.8,489511,1186221.5,4293.4355,116641.25,10881.374
94825,615,6.0814,638539,813395.9,1137522,1471790.5,677438,878157.44,637.7357,223692.36,7370.2964
94925,616,6.0885997,780374,916150.6,793985,968003.8,590139,673864.2,2251.6233,179334.08,9836.879
95117,617,6.1013,939998,1302147.6,1661388,2328387.8,749293,1158518.9,2780.2925,424081.78,11627.23
95304,618,6.1141,377967,507238.72,718202,945958.94,382704,563822.4,1778.343,220059.67,13523.911
95337,619,6.1159,925047,1693838.9,1294458,3101363,909662,1682512.1,5578.957,139695.44,13088.872
95570,620,6.1309,385206,483492.75,931395,1199672.4,417169,553189.5,3554.878,305913.94,7542.562
96141,621,6.1688,897606,2049338.1,1675989,3465195,808177,2270144,9190.38,432707.22,11462.017
96205,622,6.173,737994,944225.7,1647152,2325944.8,568362,800915.56,533.15125,338452.2,9137.988
96349,623,6.1819997,461920,535271.5,1272678,1612799.5,354379,461818.16,514.1405,92663.03,5901.871
96367,624,6.1829,1039068,2427038.8,1421141,3520282.3,696427,1998728.4,12622.504,244959.7,13370.617
96806,625,6.2124,729488,1768550.6,1176462,2932437.5,598028,1521956.9,3987.3645,344505.1,9385.968
96949,626,6.2226996,747839,1054265.6,822891,1244449.8,766103,1148351.4,3726.9973,244819.55,18324.73
97148,627,6.2388997,911350,1428549.4,1310828,2118189.3,573996,1044323.44,10274.481,72119.695,19607.188
97167,628,6.2398996,584971,1416737.5,1034111,2714610.3,564028,1485601.3,4994.4287,368935.66,14924.986
97172,629,6.2404,954184,1367432.4,1182543,1607972.5,1164536,1770620.8,1825.0364,186769.53,17958.248
97222,630,6.2440996,858632,1120083.3,713719,1072865.4,814858,1023531.4,6085.619,186539.88,22322.36
97876,631,6.2843,779058,1027529.94,919275,1223282.6,544525,832890.25,6101.8506,509944.38,19507.166
97963,632,6.2900996,431077,529428.8,486293,568860,416107,521447.25,4486.462,102732.43,30889.594
98730,633,6.3371,453255,609984.3,773207,990035.06,514680,739731.1,-261.98193,457952.06,8394.71
98793,634,6.3413997,943875,3422097.8,1161679,4194304,860232,3493734.5,10110.414,685728.56,12420.205
98975,635,6.3515997,502803,609029.1,1284125,1682154.4,426908,583166.8,-69.33472,69483.06,6862.6226
99065,636,6.358,1187063,3324826.3,1500736,4194304,972780,3009505,8891.008,595416.8,42335.97
99209,637,6.3676,499193,663051.4,980884,1248549.8,545964,749494.75,1889.9463,99841.76,7317.109
99593,638,6.3914,763508,1650648,1201785,3083325,844136,1767349.3,7640.3574,531435.25,9818.41
100176,639,6.4287,1205975,2230655.8,930565,1593467.5,1176903,2292990.3,10479.429,50658.313,34432.62
100719,640,6.4666,680833,844074.6,905754,1263679,782573,1003027.2,2390.28,83356.25,12391.424
100754,641,6.469,813198,1216457.6,1957126,2587719.5,674188,1097178.9,7242.286,393807.72,12125.549
101189,642,6.4975996,485028,608741.4,1209459,1539352.3,491370,662846.94,243.4021,297589.44,15288.024
101445,643,6.5143,683894,977364.2,950820,1285104.8,784151,1228943.5,873.7644,271465.97,9091.438
101584,644,6.5232997,737387,913503.94,1391299,1910373.9,658987,896956.1,548.2025,331579.03,15694.34
101592,645,6.5239997,689424,1037215.06,1150555,1544595.9,697350,1173826.1,6978.1514,175559.94,10008.235
101688,646,6.5298996,1257864,1756406.3,1590666,2417041.8,1028723,1621192.1,2416.0957,254460.66,70333.48
101989,647,6.5509996,589273,1557626.9,1345790,2988759.3,669768,1505255,4581.533,155659.4,6883.535
102133,648,6.5613,537377,663796.9,1235706,1628252.5,427813,586155.56,-257.03564,339435.9,19916.877
102485,649,6.5845,776656,1048969.5,1389065,1892431.4,550960,828882.25,6434.873,465939.13,13577.634
102511,650,6.586,399763,483416.34,943168,1237276.9,438763,603303.25,45.091797,189071.1,5840.734
102838,651,6.6089997,826862,1033618.06,1193465,1568569.6,634435,862037.06,1840.1663,409303.3,27112.426
103114,652,6.6268,533584,734205.75,612466,899024.6,612784,880033.2,507.16516,331089.7,6570.285
103268,653,6.6359997,1283949,1770139.3,1418523,2302386.8,1001864,1524994.6,-2757.535,581255.56,747102.1
103283,654,6.6369996,608229,807994,783503,1023932.6,697667,991297.3,575.7908,415071.25,22695.873
103363,655,6.6414,1093845,1792475,1236281,2657127,937115,1863493.3,8341.321,470759,18808.264
103571,656,6.6548996,833070,1180205.4,1260069,1730208.4,516179,805602.06,1809.276,224733.5,20412.178
103675,657,6.6614,566246,782250.9,893213,1172522,419852,625425.56,2055.4421,210373.95,22104.053
103710,658,6.6644998,1241787,2119304.5,1211947,2215788.5,775279,1401887.4,30839.186,226980.84,24421.342
103933,659,6.6798,597685,1412046.8,1442897,3499110,477302,1143067.6,3498.351,114215.586,8842.488
103959,660,6.6815,648758,829577.75,1234767,1663236.3,461432,650289.7,5040.962,131299.73,8376.653
104061,661,6.6879997,701666,937045.44,1257874,1750092.6,513982,758450.2,4337.5596,88800.85,14266.451
104938,662,6.7430997,960739,1651780.4,856503,1502553.5,860756,1669323.4,10500.562,836865.94,12350.692
104954,663,6.7443,535961,695862.56,730082,981949.5,558549,799556.75,-389.23218,283952.6,9449.951
105005,664,6.7475996,834656,1116362.5,1118851,1485098.5,896916,1288536.5,5653.95,321347.84,11175.885
105066,665,6.7513,643142,855112.75,1618987,2112375.3,679034,916710.9,973.72766,390902.1,7820.143
105362,666,6.7696,794262,1062752.3,917086,1190623.1,570666,812195.06,4641.092,101936.914,57240.297
105876,667,6.8033,679988,925315.44,804299,1167271.5,727754,1106458.6,4531.514,147857.64,11688.556
105915,668,6.8058,527929,694858.2,649746,959113.44,567606,805825.2,2890.9912,57505.76,12940.501
106446,669,6.8385,976240,1571608.8,1096311,1995865.6,741657,1363724.4,19531.928,651350.1,18238.361
106513,670,6.8420997,1002098,1783013,1612932,3780278.8,730071,1513840.1,99802.555,541707.56,31302.799
106592,671,6.8469,1011616,1419470.3,1346693,2257263.5,784814,1212605.9,9381.771,192740.72,16317.423
106749,672,6.8577,878921,1201393,1513842,2069152,701113,970643.44,3179.65,119707.49,21127.217
106805,673,6.862,932509,1312604.9,1296622,1725884.6,561175,843581.4,8307.879,429122.53,16369.0205
106911,674,6.8687,742723,974661.6,1504303,1979510.9,530896,729290.4,5137.854,489013.38,12508.261
106988,675,6.8736,699024,846831.9,856652,1136222.9,769579,1006612.25,3075.7131,87540.695,8982.488
107017,676,6.8753996,552139,723243.25,942236,1299801.1,563382,784611.8,2828.4885,73447.1,6897.7505
107162,677,6.8849998,682897,1047075.5,1058472,1560052,731175,1238013.3,4345.844,325201.03,16808.15
107184,678,6.8866997,799946,1001405.94,1338983,1697243.6,556285,697155.2,709.98926,218035.47,13130.489
107258,679,6.8919,694889,820326.56,955235,1233455.8,468342,587298.06,347.12988,205224.64,19931.254
107302,680,6.8950996,815195,1189636.5,1412939,2013439.1,823358,1348931,3275.9355,55328.863,14289.269
107461,681,6.9052,332692,398029.75,1263949,1531185.6,240013,289814.22,1495.6968,43371.945,8460.178
107727,682,6.9207997,703535,1547724.1,1193006,2707495.5,805523,1700469.3,5292.8447,451158.75,8997.872
107884,683,6.9305997,771008,1079154.6,939841,1333665.5,564754,829034.25,3880.4775,166000.11,9172.7295
108088,684,6.9431,577471,716386.44,1023007,1303777,568939,772159.56,1453.4644,192257.9,7039.1797
108610,685,6.9764,904135,1027837.6,1003649,1334494.3,902421,1168340.9,20743.047,148954.05,11314.288
108872,686,6.9923997,676086,893053.9,1504269,1972325.1,602349,797595.2,1876.1748,204570.92,9832.7705
108927,687,6.9968,559561,733827.94,1239750,1520080.6,490638,640457.2,-1.9047852,531463.4,10131.904
108956,688,6.9992,624015,1395167.4,842998,2165345.8,622621,1613218.5,1830.3229,380488.16,7494.642
109104,689,7.008,685133,1844361.1,1123174,3011451,786519,1782212.1,4130.675,522219.44,11298.909
109421,690,7.0281997,509124,1236909.3,1102903,2508113,556713,1360356.4,3194.648,475907.72,7149.9595
109504,691,7.0334997,1074370,2149301.5,971479,1809074,836282,2036263.3,13250.668,415765.97,17977.531
109604,692,7.0403,983795,1409130.8,1253953,1919692,841761,1406684.1,2776.1733,473293.4,13934.529
109834,693,7.0534997,624546,737196.3,932433,1285217.6,419061,549397.25,1068.166,141585.48,17245.174
109988,694,7.0639,891703,1205724.6,1607277,2251191.8,704697,1063730,3428.8496,352845.44,12686.965
110016,695,7.066,830302,1185077.9,845180,1174247.5,727802,1129096.5,7431.802,305254.72,15874.201
110344,696,7.0864997,712724,1702034.5,1076500,2335175,780764,1895163.4,5844.1357,103774.04,8784
110348,697,7.0868998,792034,877428.3,665151,818568.7,801882,943204.7,3638.1426,89746.01,26151.873
110883,698,7.1180997,493736,613223.25,922886,1190514,465212,627829.1,2046.0417,270876.38,10235.435
111195,699,7.1373997,449330,553160.5,924502,1154302.9,488331,631173.56,289.02783,145663.27,6311.403
111573,700,7.1615996,757340,1039743.2,1509928,2050641.5,435469,661033.6,1784.2363,208676.83,10956.889
111744,701,7.171,469701,592132.9,1228759,1522393.6,303370,389329.63,-225.9231,416229.94,6396.2715
112039,702,7.1893997,935576,1219564.4,1282599,1802060.8,633908,901665.94,9764.414,312539.88,16077.42
112046,703,7.1899,542811,675162.75,1428014,1904265.3,376630,512091,1282.0016,154860.84,7914.1006
112116,704,7.1935997,688495,1483407.1,1383851,2881675.3,488976,1248156.1,7413.5146,301114.28,19275.023
112120,705,7.1938,952802,1216580.4,1442117,2155846.5,915127,1269435.3,13006.206,251814.67,13981.431
112352,706,7.2082,1064780,1602954.3,816519,1751251.9,830134,1217997.9,6652.7393,104465.195,16380.455
112484,707,7.2159,758901,1059863.1,1206458,1647116.3,829021,1233917.4,7240.4336,817340.6,15069.245
112508,708,7.2173,894459,1179730.4,1385239,1923803.8,758510,1138046,4860.006,45760.895,12560.945
112578,709,7.2214,702497,895176.1,1310513,1705577.1,555487,816504.94,4264.466,565175.94,9546.753
112586,710,7.2221,756536,1086381.8,1101433,1705230.1,764395,1149930.9,1736.4158,444684.8,8739.821
112626,711,7.2244,905283,1467675.8,921955,1544203.5,858063,1637188.9,5501.688,109990.234,12161.044
112911,712,7.2432,380673,438909.56,1167028,1435721.1,338356,407015.4,-343.20264,123252.79,15715.735
113013,713,7.2493997,565809,1361506.3,962026,1742799,465673,1284887.6,10759.278,60028.305,12189.582
113160,714,7.2581997,366492,759068.75,891748,2084217.3,377340,798619.56,6971.032,188363.72,8081.8687
113166,715,7.2585998,1070109,1341929.9,1294811,1906201.5,944641,1216322.5,16126.981,177673.47,16644.223
113342,716,7.2707996,684254,1549853,1228818,2726717.5,798648,1751622.4,6012.4272,454506.88,9549.713
113425,717,7.2760997,457982,543054.1,1310417,1675911.6,388940,483789.16,467.45813,182803.75,7768.23
113466,718,7.2787,757058,2049611.3,867082,2265080,793550,2261772.8,14154.253,174259.38,8816.776
113505,719,7.2808,687566,803540.8,991093,1286336.4,483239,606111.7,290.87146,226186.8,15586.802
114467,720,7.3381996,491455,588836.06,1159949,1464170.6,375706,452155.38,4768.289,110818.51,6905.0703
114641,721,7.3487997,424898,512322.66,1264919,1533787.8,296169,366217.1,698.849,57170.457,14585.356
114809,722,7.3595,272402,318300.22,1085086,1288442,306404,354421.53,-826.61694,165835.67,5131.1733
114816,723,7.3599,626144,985771.75,1122200,1556157.8,678543,1183113,3621.6094,205056.13,7876.0947
115246,724,7.388,1031630,2252868.8,1792486,4194304,965371,2009037.6,14584.95,530533.9,16003.811
115454,725,7.3998,699357,1416683.4,1631574,3603870.8,550926,1433837.3,13013.245,92130.2,10263.158
115509,726,7.4037,1125777,1293636.6,940672,1285986,1088361,1309308.6,15519.6875,215166.1,24114.412
115680,727,7.4136996,652499,2076036.1,1300572,4194304,519080,1849446.4,7102.6104,138285.69,7857.2744
115717,728,7.4161997,743727,1846976.5,1342249,3313890.5,688112,1680437.6,3736.421,340478.72,8925.277
115996,729,7.4337997,758837,1079521.5,1623381,2244264.3,646446,957504.9,2585.29,314455.16,12972.371
116252,730,7.4494996,993526,1268944.8,815743,1294312.8,1066711,1486620.4,5519.4795,254909.16,12502.921
116268,731,7.4504,967272,1304832.4,1443900,1985239.5,761586,1105666.5,1714.6086,350088.72,13618.965
116366,732,7.4567,637585,805816.56,943866,1290329.3,706782,964626.9,1980.3892,392277.4,11954.285
116439,733,7.4614,609271,740034.1,1165529,1491010.4,428968,551263.6,180.96509,91522.55,7108.8174
116560,734,7.4680996,705641,1015151.44,1008118,1532116.1,747609,1189900.1,5332.629,226399.2,93193.734
116738,735,7.4789,423904,528008,1061415,1310628,411261,535910.8,584.41675,356635.13,18092.027
116886,736,7.4874997,342072,392998.06,1093215,1401845.3,327375,411492.13,-609.458,163829.34,4877.539
117081,737,7.4997997,1141029,2851512.3,1745199,4194304,1230555,2816227,10339.712,151637.63,18336.977
117330,738,7.5143,780221,1010667.25,1122928,1727347.1,557245,800715.44,3865.8882,419752.9,9913.067
117436,739,7.521,516676,621752.9,1103101,1656626.6,534076,703643.2,1150.3811,110938.49,7634.8667
117600,740,7.5309997,740827,978080,865852,1194753,771639,1129390.6,1917.2026,98369.71,8513.649
117795,741,7.5442,414291,510286.38,892619,1155034.4,424680,563435.94,2798.2678,175162.34,7516.237
117829,742,7.5464997,679770,1616088.8,1126790,2587861.5,637063,1729711.6,4951.4395,317619.9,7865.706
117940,743,7.5537,778916,1908828.8,719438,1731998.1,914468,2235900.5,20198.973,377542.22,10745.327
118037,744,7.5590997,965486,2530427.5,1329480,3641171.3,867114,2123950.5,15384.086,985693.2,15614.235
118141,745,7.5649,679699,953343.94,1122196,1661329,698654,1034553.06,2905.0825,141319.6,10231.666
118332,746,7.5747,511002,705818.3,1158872,1556922.5,312766,458110.47,2614.0356,46311.855,15124.394
118626,747,7.5927997,590298,772608.44,1098154,1422961.5,565940,831456.94,795.5311,91387.46,8357.073
118845,748,7.6043,1295686,3246038.8,1264814,3511286.3,824694,2693757,20869.77,104698.14,63572.293
118862,749,7.6053,921819,1244621.9,1172356,1661020.4,566410,814780.44,2006.862,187594.72,26364.299
118986,750,7.612,606485,1047259.2,1409084,3054856,411320,815012.9,3584.0396,337145.22,21368.695
